市区町村コード,D,D.1,D.2,D.3,D.4,D.5,D.6,D.7,D.8,D.9,D.10
1,"65,000",500,"31,800","20,700","6,400","3,500","1,600",200,100,300,15.1
1100,"8,900",100,"1,700","3,400","2,000","1,100",600,0,0,0,26.6
1101,80,0,0,70,0,20,0,0,0,0,24.4
1102,750,20,70,360,160,90,60,0,0,0,27.0
1103,"2,070",70,400,760,560,200,80,0,0,0,26.0
1104,650,0,90,290,120,100,60,0,0,0,27.3
1105,680,0,130,240,110,140,40,0,0,20,27.6
1106,370,0,60,170,30,80,20,0,0,0,25.7
1107,480,20,100,100,190,40,20,0,0,0,31.4
1108,"2,460",10,490,830,590,280,220,30,0,0,28.1
1109,"1,020",0,250,410,200,110,50,0,0,0,24.6
1110,380,0,110,180,0,80,10,0,0,0,21.7
1202,"2,380",0,730,"1,040",460,90,40,0,0,30,21.5
1203,"1,050",20,250,380,230,120,40,0,0,0,25.1
1204,"2,480",30,740,"1,240",230,210,0,20,0,0,20.6
1205,"1,130",0,420,480,160,50,0,0,0,10,19.2
1206,"2,240",60,"1,070",920,170,0,20,0,0,0,14.8
1207,"1,270",0,460,520,180,30,70,0,0,0,19.9
1208,"1,770",0,740,790,130,70,30,0,10,0,17.7
1209,520,10,250,190,80,0,0,0,0,0,15.3
1210,660,0,340,200,90,20,0,0,0,0,14.3
1211,860,0,490,250,80,20,10,0,0,10,13.1
1212,550,10,310,180,20,0,0,20,0,0,12.8
1213,"4,020",30,"1,410","1,390",510,530,80,60,0,0,21.1
1214,330,0,190,110,10,10,10,0,0,10,12.7
1215,460,0,270,110,50,0,10,10,10,0,12.8
1216,390,0,210,110,40,30,0,0,0,0,13.7
1217,910,0,270,400,90,110,30,0,0,0,21.8
1218,660,10,340,220,60,0,10,10,10,0,14.1
1219,450,0,300,100,20,20,10,0,0,0,11.2
1220,500,0,310,130,30,20,10,0,0,0,11.9
1221,320,0,210,100,10,0,10,0,0,0,11.7
1222,380,0,160,160,40,10,0,0,0,0,17.4
1223,630,0,420,190,20,0,0,0,0,10,11.2
1224,620,10,220,220,40,80,10,0,10,30,19.1
1225,660,10,250,290,60,20,10,10,10,10,18.3
1226,480,0,190,230,50,10,0,0,0,0,18.1
1227,280,0,140,110,20,0,10,0,0,0,14.7
1228,270,0,190,30,30,10,10,0,0,0,10.7
1229,300,0,130,130,40,0,0,0,10,0,17.5
1230,800,0,260,340,150,40,10,10,0,0,21.2
1231,510,0,260,140,50,40,30,0,0,0,14.5
1233,410,0,230,100,50,10,10,0,0,10,12.8
1234,440,10,140,140,100,40,10,0,0,0,22.5
1235,210,0,60,90,10,20,20,0,0,0,22.0
1236,410,0,140,220,40,20,0,0,0,0,19.7
1300,90,0,30,30,20,20,0,0,0,0,23.3
1303,270,0,180,90,0,0,0,0,0,0,11.4
1304,220,0,100,100,0,0,20,0,0,0,16.0
1330,110,10,70,0,10,10,0,0,10,0,10.0
1331,200,0,60,110,0,20,0,0,0,0,19.7
1332,140,0,80,40,0,0,20,0,0,0,13.9
1333,510,0,390,80,30,0,0,0,0,0,9.7
1334,450,0,340,40,20,20,20,0,0,0,9.8
1337,200,0,70,50,60,0,20,0,0,0,23.7
1343,420,0,200,200,0,20,0,0,0,0,15.6
1345,130,0,40,40,30,10,0,0,0,0,22.5
1346,250,0,70,150,0,30,0,0,0,0,20.2
1347,440,0,250,140,40,10,0,0,0,0,13.5
1360,110,0,20,50,40,0,0,0,0,0,24.9
1361,130,0,70,40,20,0,0,0,0,0,14.0
1362,400,0,290,70,20,0,0,0,0,20,9.9
1363,"8,700",0,"3,100","3,700","1,200",400,200,0,0,0,19.7
1364,"1,700",0,380,730,310,120,100,0,10,40,24.2
1367,"1,270",0,430,640,120,20,60,0,0,0,19.8
1370,"2,220",0,710,"1,060",430,30,0,0,0,0,20.7
1371,140,0,50,80,10,0,0,0,0,0,19.6
1390,760,30,310,260,60,80,10,0,0,0,17.0
1391,160,0,70,70,10,10,0,0,0,0,17.2
1392,110,0,70,40,0,0,0,0,0,0,11.8
1393,90,0,30,60,0,0,0,0,0,0,19.3
1394,430,0,170,170,70,10,10,0,0,0,19.2
1395,90,0,30,50,10,0,0,0,0,0,19.5
1396,40,0,0,30,0,10,0,0,0,0,25.0
1397,110,0,20,70,20,10,0,0,0,0,24.0
1398,260,0,150,70,40,0,0,0,0,0,13.3
1399,50,0,30,30,0,0,0,0,0,0,15.0
1400,190,0,80,60,20,20,0,0,0,0,17.5
1401,330,0,140,80,50,50,0,0,0,0,19.4
1402,"9,500",100,"3,300","4,000","1,500",400,100,100,100,100,20.2
1403,"2,160",0,450,"1,100",480,40,0,0,30,60,23.2
1404,910,10,340,450,90,10,10,0,10,0,18.6
1405,610,10,330,210,40,10,0,10,20,0,13.6
1406,380,10,150,170,30,30,0,0,0,0,17.5
1407,270,0,130,80,40,20,0,0,0,0,16.4
1408,80,0,20,50,0,0,0,0,10,0,19.7
1409,250,0,110,50,50,30,10,10,0,0,20.3
1420,490,0,70,270,40,70,20,20,0,0,24.7
1423,470,0,160,220,80,10,0,0,10,0,20.3
1424,880,0,360,340,140,30,10,0,0,0,18.7
1425,260,0,110,70,50,10,0,0,0,0,18.0
1427,100,0,20,30,20,20,20,0,0,0,33.4
1428,400,0,180,180,20,20,0,0,0,0,16.4
1429,0,0,0,0,0,0,0,0,0,0,0
1430,60,0,30,20,10,10,0,0,0,0,14.4
1431,140,0,40,70,30,0,0,0,0,0,21.0
1432,180,0,50,80,50,0,10,0,0,0,24.3
1433,0,0,0,0,0,0,0,0,0,0,0
1434,110,0,30,50,20,10,0,0,0,0,21.8
1436,120,0,40,20,50,20,0,0,0,0,30.8
1437,"16,500",200,"4,400","6,300","2,900","1,600",800,100,100,200,23.5
1438,"4,800",100,900,"2,000",900,600,200,100,0,0,25.5
1450,570,0,120,280,80,30,60,0,0,0,23.9
1452,"1,900",10,330,890,390,210,40,20,0,20,25.1
1453,770,60,210,340,50,70,20,20,0,0,19.8
1454,680,0,70,320,180,80,0,20,0,0,27.7
1455,860,0,140,210,230,200,70,0,0,0,34.5
1456,"2,640",50,560,920,490,240,200,0,70,110,25.7
1457,650,0,170,240,110,80,20,10,0,10,24.3
1458,"1,540",10,720,510,150,60,70,0,10,10,16.1
1459,210,0,70,80,30,20,10,0,0,0,21.2
1460,760,0,120,230,220,90,100,0,0,0,31.9
1461,110,0,40,40,10,0,0,0,0,0,17.4
1462,460,10,150,170,100,20,0,10,0,0,21.2
1463,540,0,210,200,60,40,10,10,0,20,19.0
1464,360,0,150,130,30,20,30,0,0,0,18.7
1465,390,0,140,170,10,30,10,10,0,10,19.6
1468,280,0,90,100,50,20,10,10,10,0,22.9
1469,490,0,190,170,40,40,40,0,0,10,19.0
1470,70,0,10,10,20,10,20,0,0,0,39.9
1471,0,0,0,0,0,0,0,0,0,0,0
1472,360,10,130,160,30,30,0,10,0,0,18.9
1480,210,0,70,50,80,0,0,0,0,0,25.0
1481,200,0,90,80,30,0,0,0,0,0,16.7
1482,190,0,30,80,50,30,0,0,0,0,27.1
1483,90,0,40,40,10,0,0,0,0,0,17.7
1484,260,0,90,110,40,20,0,0,0,0,19.7
1485,100,0,40,30,10,20,0,0,0,0,21.4
1486,330,0,60,130,90,50,0,0,0,0,26.4
1487,"6,700",100,"2,600","2,900",700,300,100,0,0,0,18.6
1510,"2,540",30,670,"1,330",400,70,0,0,0,30,21.2
1511,390,10,230,110,10,40,0,0,0,0,12.2
1512,600,0,190,300,70,30,10,0,0,0,20.6
1513,440,0,280,150,0,0,10,0,0,0,11.9
1514,380,0,170,150,20,40,0,0,0,0,16.8
1516,140,0,40,60,20,20,0,0,0,0,22.8
1517,230,0,90,110,10,10,0,0,0,0,17.7
1518,350,10,140,120,60,20,10,0,0,0,18.4
1519,210,0,90,90,10,10,10,0,10,0,18.0
1520,300,0,90,150,40,0,20,0,0,0,21.1
1540,210,10,120,90,0,0,0,0,0,0,13.1
1543,130,0,70,50,0,10,0,0,0,0,15.0
1544,100,10,60,10,10,0,20,0,0,0,11.2
1545,240,0,80,90,50,0,0,10,0,0,20.7
1546,10,0,10,0,0,0,0,0,0,0,7.5
1547,0,0,0,0,0,0,0,0,0,0,0
1549,"5,200",0,"2,300","2,000",500,200,100,0,100,0,17.1
1550,"1,240",0,320,630,160,70,20,30,0,0,22.1
1552,610,0,310,240,20,20,10,0,0,0,14.7
1555,270,0,150,90,30,0,0,0,0,0,13.4
1559,410,0,160,210,20,20,0,0,0,0,18.2
1560,230,10,150,60,0,10,0,0,0,0,10.7
1561,110,0,30,60,20,10,0,0,0,0,21.4
1562,160,0,60,50,40,20,0,0,0,0,23.3
1563,120,0,40,60,20,0,0,0,0,0,19.8
1564,130,0,70,40,20,0,0,0,0,0,13.2
1570,300,10,80,180,30,0,0,0,0,0,19.7
1571,110,0,70,40,10,0,0,0,0,0,12.0
1575,110,0,50,30,10,0,0,0,10,0,14.4
1578,120,0,70,30,20,0,0,0,0,0,13.0
1581,40,0,20,20,0,0,0,0,0,0,15.0
1584,100,0,40,40,20,0,0,0,0,0,17.9
1585,20,0,20,0,0,0,0,0,0,0,7.5
1586,140,0,100,40,0,0,0,0,0,0,10.1
1600,"16,800",100,"5,600","7,500","2,000",800,500,100,100,100,20.3
1601,"2,070",0,400,"1,110",360,140,40,0,20,0,23.6
1602,"1,470",0,390,820,210,0,30,20,0,0,21.3
1604,"2,130",20,290,"1,280",330,110,20,30,30,30,23.7
1607,"4,250",30,"1,360","1,900",410,280,230,20,0,0,20.7
1608,560,0,260,220,60,10,0,0,0,0,16.0
1609,550,0,240,230,20,30,10,10,0,10,17.0
1610,320,10,140,120,30,10,0,0,10,0,16.3
1630,410,0,180,130,30,50,10,0,0,10,17.5
1631,340,0,130,120,30,50,10,0,0,0,20.0
1632,440,0,150,140,70,50,40,0,0,0,23.0
1633,410,10,150,160,60,10,0,0,0,10,18.2
1634,270,0,100,100,50,10,0,0,0,0,19.3
1635,300,0,80,100,90,20,0,20,0,0,26.1
1636,60,0,60,0,0,0,0,0,0,0,7.5
1637,230,0,100,50,70,0,0,0,0,0,18.4
1638,70,0,40,30,0,0,0,0,0,0,13.9
1639,250,0,90,150,10,0,0,0,0,0,18.9
1641,140,0,50,70,0,0,20,0,0,0,20.2
1642,50,0,0,50,0,0,0,0,0,0,22.5
1643,100,10,30,30,10,0,10,0,0,0,17.4
1644,230,20,40,90,50,10,20,0,0,0,25.3
1645,"13,000",100,"3,600","5,400","2,200","1,100",400,100,0,0,22.7
1646,"2,880",20,530,"1,450",480,240,80,70,0,20,24.2
1647,"1,830",70,500,650,400,190,20,20,0,0,23.2
1648,730,0,150,310,150,80,40,0,0,0,25.4
1649,120,0,30,30,10,0,10,20,0,0,25.7
1660,370,10,100,90,70,60,30,10,10,0,27.8
1661,160,0,20,90,40,10,0,0,0,0,24.0
1662,330,10,100,120,30,40,20,10,0,0,21.6
1663,220,0,70,90,30,20,0,0,0,0,21.8
1664,170,0,40,110,20,0,0,0,0,0,21.6
1665,300,0,90,120,60,30,10,0,0,0,23.5
1667,330,0,90,160,50,20,10,0,0,0,21.5
1668,500,10,180,190,50,50,10,10,0,0,19.6
1690,200,0,100,60,30,10,0,0,0,0,15.7
1691,40,0,10,0,0,20,10,0,0,0,52.5
1692,80,0,30,20,10,10,0,10,0,0,21.4
1693,610,0,170,310,80,20,20,0,0,0,21.5
1694,"1,400",0,460,630,210,60,40,0,0,0,20.8
2000,220,0,140,60,20,0,0,0,0,0,11.9
2001,120,0,50,40,20,10,10,0,0,0,19.3
2002,30,0,10,10,0,0,10,0,0,0,22.5
2201,320,0,70,160,30,40,20,0,0,0,23.1
2202,110,0,30,30,50,0,0,0,0,0,25.2
2203,250,0,30,180,0,20,10,0,0,10,22.5
2204,80,0,30,20,30,0,0,0,0,0,20.0
2205,180,0,60,40,40,30,10,0,0,0,23.9
2206,70,0,20,20,10,0,0,0,0,0,22.5
2207,230,0,90,70,20,50,10,0,0,0,21.7
2208,140,0,80,10,40,10,0,0,0,0,13.9
2209,40,0,0,30,0,0,0,0,0,0,22.5
2210,30,0,20,10,10,0,0,0,0,0,15.0
2300,10,0,10,0,0,0,0,0,0,0,7.5
2301,40,0,30,0,0,0,10,0,0,0,10.1
2303,240,0,40,100,80,20,10,0,0,0,27.2
2304,90,0,60,10,20,0,0,0,0,0,11.3
2307,110,0,0,20,30,60,0,0,0,0,45.0
2320,0,0,0,0,0,0,0,0,0,0,0
2321,30,0,0,0,30,0,0,0,0,0,37.5
2323,0,0,0,0,0,0,0,0,0,0,0
2340,270,10,80,130,40,10,0,0,0,0,20.3
2343,0,0,0,0,0,0,0,0,0,0,0
2360,50,0,20,20,20,0,0,0,0,0,22.5
2361,0,0,0,0,0,0,0,0,0,0,0
2362,"7,200",100,"2,400","2,800","1,400",300,200,0,100,0,21.2
2367,"1,720",30,500,590,510,30,30,0,40,0,23.4
2380,"1,100",0,420,420,210,20,0,0,20,0,19.5
2381,460,0,140,160,110,0,50,0,0,0,23.2
2384,640,0,250,260,70,0,60,0,0,0,19.1
2387,400,10,130,140,40,50,10,0,10,0,21.0
2400,340,0,110,140,50,20,10,10,0,0,21.5
2401,550,0,130,260,80,80,0,0,0,0,23.1
2402,220,0,70,80,30,10,20,10,0,0,21.9
2405,330,0,100,180,40,0,10,0,0,0,20.1
2406,220,10,60,80,20,40,0,0,0,10,21.9
2408,510,0,250,190,80,0,0,0,0,0,15.8
2411,170,0,60,50,30,10,10,0,0,0,21.7
2412,10,0,10,10,0,0,0,0,0,0,18.0
2420,70,0,20,20,10,20,0,0,0,0,25.0
2423,0,0,0,0,0,0,0,0,0,0,0
2424,0,0,0,0,0,0,0,0,0,0,0
2425,0,0,0,0,0,0,0,0,0,0,0
2426,20,0,0,10,10,0,0,0,0,0,30.0
2440,0,0,0,0,0,0,0,0,0,0,0
2441,0,0,0,0,0,0,0,0,0,0,0
2442,200,0,70,90,20,20,0,0,0,0,19.5
2443,80,0,30,30,0,10,0,0,0,0,17.2
2445,"13,400",100,"4,300","5,800","2,000",800,300,100,0,0,21.0
2446,"2,060",0,640,850,400,140,30,0,0,0,22.0
2450,"3,130",40,740,"1,500",600,140,70,10,20,0,22.8
3000,"1,510",0,590,620,180,40,50,0,0,20,18.6
3001,810,0,230,450,90,20,20,0,0,0,20.9
3002,"1,780",0,600,700,230,140,100,0,0,20,21.0
3201,240,0,130,80,10,0,0,10,0,0,13.4
3202,260,0,90,120,30,0,0,10,10,0,20.1
3203,280,10,70,100,50,50,0,0,0,0,23.9
3205,420,0,190,160,50,10,0,0,10,0,16.7
3206,300,0,140,130,10,20,10,0,0,0,16.7
3207,520,0,150,190,110,50,10,0,0,0,23.6
3208,250,0,90,80,30,40,10,10,0,0,22.3
3209,20,0,0,0,20,0,0,0,0,0,37.5
3210,250,0,60,140,40,20,0,0,0,0,22.5
3211,160,0,30,100,30,0,0,0,0,0,22.5
3213,60,0,0,40,0,10,0,0,0,0,25.0
3214,20,0,0,20,0,0,0,0,0,0,22.5
3215,540,20,220,190,90,30,0,0,0,0,17.4
3216,60,0,0,60,0,0,0,0,0,0,22.5
3300,"12,900",0,"3,500","4,200","2,000","1,700","1,000",300,100,100,25.2
3301,"3,400",0,700,900,600,600,400,200,0,0,33.7
3302,270,0,60,70,30,50,40,0,10,10,31.3
3303,910,0,200,280,140,130,100,60,0,0,28.9
3320,210,0,20,20,20,60,60,40,0,0,58.2
3321,590,0,140,130,150,30,80,40,20,20,32.8
3322,250,0,50,40,80,50,20,10,0,0,36.3
3360,130,10,30,20,20,20,20,0,10,0,35.5
3366,300,0,30,120,50,70,30,0,0,0,30.0
3380,180,0,10,80,20,60,0,0,0,0,29.6
3381,120,0,20,20,20,30,20,20,0,0,48.8
3400,470,0,130,90,110,70,60,0,0,0,31.6
3402,690,0,170,270,100,140,20,0,0,0,25.0
3440,570,0,140,240,120,20,20,0,0,20,23.1
3441,540,0,100,200,170,30,50,0,0,0,27.8
3460,230,0,90,90,20,30,0,0,0,0,19.3
3461,420,0,230,110,40,20,10,10,0,0,14.0
3480,660,0,60,340,80,110,30,50,0,0,27.0
3482,300,0,100,120,50,30,0,10,0,0,21.9
3483,330,20,140,70,100,0,0,0,0,0,16.1
3484,180,0,50,100,20,10,0,0,0,0,20.9
3485,140,0,40,60,20,0,10,0,0,0,21.7
3500,270,0,90,130,20,0,20,0,0,0,19.7
3501,260,0,20,60,0,90,70,0,20,0,53.6
3503,150,0,40,80,20,0,10,0,0,0,21.5
3506,340,0,80,100,50,60,10,0,0,30,26.0
3507,390,0,130,180,30,20,30,0,0,0,20.2
3520,180,0,40,50,70,20,0,0,0,0,29.5
3524,470,0,120,120,70,130,30,0,0,0,28.6
4000,170,0,50,30,30,50,0,0,0,0,30.0
4001,60,0,20,10,0,0,20,0,0,0,22.5
4002,170,0,30,70,30,20,20,0,0,0,26.1
4100,560,10,150,240,50,40,60,0,0,0,22.0
4101,0,0,0,0,0,0,0,0,0,0,0
4102,30,0,30,0,0,0,0,0,0,0,7.5
4103,0,0,0,0,0,0,0,0,0,0,0
4104,300,0,30,110,50,20,50,20,20,0,32.8
4105,0,0,0,0,0,0,0,0,0,0,0
4202,270,0,60,80,10,90,20,20,0,0,29.4
4203,120,0,20,30,20,40,0,0,0,10,32.2
4205,60,0,40,20,0,0,0,0,0,0,12.5
4206,0,0,0,0,0,0,0,0,0,0,0
4207,110,0,10,50,0,50,0,0,0,0,28.9
4208,70,0,30,10,30,0,10,0,0,0,30.0
4209,70,0,30,10,0,0,10,10,0,0,18.8
4211,110,0,50,60,0,0,0,0,0,0,17.0
4212,20,0,0,20,0,0,0,0,0,0,22.5
4213,80,0,40,30,0,10,0,0,0,0,15.0
4214,20,0,0,20,0,0,0,0,0,0,22.5
4215,120,0,20,20,50,0,20,0,0,0,34.4
4216,0,0,0,0,0,0,0,0,0,0,0
4300,0,0,0,0,0,0,0,0,0,0,0
4301,80,0,60,0,0,0,20,0,0,0,10.0
4302,150,0,40,60,0,10,30,0,10,0,24.3
4320,0,0,0,0,0,0,0,0,0,0,0
4321,0,0,0,0,0,0,0,0,0,0,0
4322,10,0,0,10,0,0,0,0,0,0,22.5
4323,0,0,0,0,0,0,0,0,0,0,0
4324,0,0,0,0,0,0,0,0,0,0,0
4340,0,0,0,0,0,0,0,0,0,0,0
4341,0,0,0,0,0,0,0,0,0,0,0
4360,0,0,0,0,0,0,0,0,0,0,0
4361,110,0,20,30,40,10,0,0,0,0,30.0
4362,0,0,0,0,0,0,0,0,0,0,0
4400,"10,700",100,"2,400","3,400","1,700","1,300","1,300",300,0,100,27.2
4401,"3,200",0,700,"1,000",600,400,400,100,0,0,28.1
4404,310,0,100,60,100,40,20,0,0,0,28.2
4406,20,0,0,20,0,0,0,0,0,0,22.5
4420,360,0,0,120,40,100,80,20,0,0,47.6
4421,"1,150",0,260,430,180,190,60,20,10,0,26.0
4422,300,0,110,70,30,0,70,10,0,0,23.6
4424,"1,040",10,240,290,250,80,150,20,0,0,28.8
4440,280,0,100,90,10,40,10,10,0,0,20.7
4444,610,0,0,80,160,240,80,60,0,0,49.5
4445,530,30,80,30,60,70,220,40,0,0,58.6
4500,100,0,20,60,0,10,10,0,0,0,22.1
4501,180,0,30,110,20,20,0,20,0,0,23.5
4505,840,0,230,330,200,20,60,0,0,0,23.9
4580,210,0,90,100,0,30,0,0,0,0,17.8
4581,140,0,30,30,10,40,10,0,10,0,36.7
4600,410,0,70,170,60,20,50,20,20,0,26.1
4606,220,20,70,90,0,20,40,0,0,0,19.6
5000,0,0,0,0,0,0,0,0,0,0,0
5001,220,0,60,120,30,10,0,0,0,0,21.2
5002,510,0,40,120,100,100,150,0,0,0,44.5
5201,0,0,0,0,0,0,0,0,0,0,0
5202,30,0,10,10,0,10,0,0,0,0,19.7
5203,780,0,170,290,140,80,50,20,0,20,25.7
5204,140,0,70,20,0,20,20,0,0,0,15.0
5206,20,0,0,20,0,0,0,0,0,0,22.5
5207,100,0,40,20,20,0,20,0,0,0,22.5
5209,30,0,10,20,0,0,0,0,0,0,16.3
5210,260,0,60,70,10,0,60,40,0,10,28.9
5211,180,0,80,50,50,0,0,0,0,0,18.8
5212,30,0,10,20,10,0,0,0,0,0,25.1
5213,220,0,50,30,10,10,40,0,0,80,26.5
5214,70,0,10,50,10,0,0,0,0,0,21.9
5215,360,0,100,100,80,50,30,0,0,0,26.7
5300,150,0,50,60,20,10,20,0,0,0,22.7
5303,0,0,0,0,0,0,0,0,0,0,0
5320,120,0,20,80,0,10,10,0,0,0,22.7
5327,0,0,0,0,0,0,0,0,0,0,0
5340,50,0,20,20,20,0,0,0,0,0,22.5
5346,50,0,20,20,20,0,0,0,0,0,21.1
5348,120,0,10,70,30,10,0,0,0,0,26.3
5349,40,0,10,20,10,0,0,0,0,0,20.6
5360,40,0,10,20,0,0,0,10,0,0,23.6
5361,20,0,10,0,10,0,10,0,0,0,45.0
5363,200,0,40,40,70,30,10,10,0,0,34.3
5366,0,0,0,0,0,0,0,0,0,0,0
5368,0,0,0,0,0,0,0,0,0,0,0
5420,50,0,10,20,0,0,0,0,0,20,19.9
5434,"62,200",600,"10,700","16,500","11,300","12,200","8,500","1,500",500,500,34.1
5460,"38,500",500,"6,200","9,700","7,700","8,100","4,900",600,400,400,35.1
5463,170,10,30,70,30,20,10,0,0,10,24.5
5464,940,30,190,320,200,150,40,20,0,0,26.7
6000,790,20,90,130,260,140,110,20,0,20,38.2
6001,"1,590",40,190,370,570,290,120,0,0,0,35.0
6002,220,0,20,20,60,60,40,0,20,20,48.1
6201,280,20,30,60,50,70,50,0,0,0,38.6
6202,"1,450",20,310,250,260,330,220,0,20,40,36.7
6203,"4,940",40,530,"1,720","1,290",880,420,20,0,20,31.9
6204,"1,470",0,150,400,460,360,90,0,0,0,35.9
6205,310,0,50,40,80,90,50,0,0,0,42.6
6206,"2,260",0,340,400,690,420,330,0,40,40,38.1
6207,"1,700",0,260,430,270,500,160,80,0,0,38.8
6208,630,0,0,150,240,160,40,0,40,0,40.4
6209,590,30,120,110,20,220,60,20,20,0,46.2
6210,730,0,100,160,110,180,180,0,0,0,44.0
6211,280,0,20,50,60,60,40,0,0,40,42.4
6212,"2,690",50,500,670,520,620,250,40,30,20,33.5
6213,940,20,190,280,160,240,50,0,0,0,28.6
6300,"2,550",30,370,730,310,490,490,120,30,0,37.5
6301,"3,470",30,550,920,370,860,610,0,60,90,37.9
6302,"5,120",150,"1,240","1,160",670,960,660,140,70,70,29.7
6320,"2,630",0,640,450,420,620,410,50,30,20,37.6
6321,"2,720",0,330,760,560,430,460,130,0,50,36.5
6322,"2,820",0,420,790,340,720,380,110,0,60,37.8
6323,990,20,170,310,200,180,100,20,0,0,29.8
6324,580,0,80,160,90,20,180,30,0,20,36.9
6340,900,0,150,340,160,120,90,30,0,0,28.1
6341,160,0,50,50,10,40,0,0,20,0,25.8
6360,"1,510",0,320,410,220,190,320,50,0,0,31.7
6361,790,0,130,230,120,170,140,0,0,0,34.2
6362,870,0,160,200,160,200,110,20,0,20,36.0
6363,"2,460",30,540,740,310,470,310,60,0,0,28.4
6364,130,0,20,0,60,30,30,0,0,0,42.3
6365,"1,460",0,260,450,140,290,220,60,40,0,32.0
6366,770,0,100,280,70,160,140,20,0,0,30.5
6367,"1,390",0,290,430,210,210,190,60,0,0,29.3
6380,450,0,110,90,80,80,80,20,0,0,34.5
6381,540,30,90,180,70,70,90,20,0,0,28.0
6382,310,0,130,110,20,40,10,0,0,0,18.1
6400,360,0,80,40,50,70,100,10,0,0,44.7
6401,640,0,130,220,100,90,90,10,0,0,27.8
6402,940,0,120,290,120,120,180,120,10,0,37.9
6403,470,0,70,100,90,90,80,50,0,0,41.1
6420,"1,100",0,200,300,300,110,140,50,0,0,32.6
6426,"1,360",10,90,330,300,220,310,70,40,0,42.3
6428,320,0,50,70,90,40,60,10,10,0,36.9
6460,210,0,40,140,0,20,10,0,0,0,22.4
6461,40,0,0,20,10,10,0,0,10,0,37.5
7000,"1,200",40,170,250,280,270,190,20,0,0,38.0
7001,470,20,170,170,20,30,50,10,0,0,19.0
7002,0,0,0,0,0,0,0,0,0,0,0
7201,"27,700",200,"3,600","7,300","5,600","5,100","4,400","1,100",100,300,37.2
7202,"12,300",100,"1,400","2,600","2,500","2,700","2,200",700,0,200,42.2
7203,180,0,50,30,40,0,20,20,0,30,31.6
7204,580,0,50,40,180,130,130,50,0,0,47.4
7205,30,0,0,10,20,0,0,0,0,0,34.8
7207,50,0,0,10,10,10,10,0,0,0,43.8
7208,190,0,10,70,20,30,40,0,0,10,32.1
7209,"1,190",20,90,240,220,290,290,40,0,0,45.8
7210,540,0,30,120,110,120,120,30,10,0,46.3
7211,670,0,50,110,160,220,100,10,0,0,45.4
7212,320,0,40,100,20,60,80,0,0,20,36.3
7213,740,0,60,180,170,160,150,20,0,0,41.3
7214,"1,180",0,110,310,210,270,210,70,0,0,42.3
7300,"1,130",30,190,200,150,260,210,80,0,10,43.9
7301,"1,720",20,140,390,370,320,300,130,0,60,41.5
7303,"1,660",0,230,300,370,360,210,180,0,10,41.8
7308,350,0,50,60,100,110,10,10,0,0,39.9
7320,"1,120",0,190,220,210,160,240,50,20,20,39.9
7322,0,0,0,0,0,0,0,0,0,0,0
7340,620,0,80,190,110,150,60,20,0,0,34.6
7342,"6,000",100,500,"1,600","1,300","1,100","1,200",100,100,0,38.9
7344,540,0,60,220,70,20,160,20,0,0,29.6
7360,"1,450",20,210,310,380,270,190,40,10,20,36.7
7362,400,0,60,40,80,130,90,0,0,0,47.6
7364,"1,640",0,70,560,360,270,320,40,0,20,37.3
7367,970,20,60,290,200,210,160,20,0,0,38.0
7368,860,20,60,170,190,160,190,20,50,0,44.7
7400,110,0,10,20,0,10,50,10,0,0,63.8
7402,"1,300",0,200,400,300,200,200,0,0,0,34.1
7405,270,0,20,110,30,20,90,0,20,0,37.2
7407,810,0,110,250,160,150,90,30,0,20,32.8
7408,230,0,40,30,110,40,0,0,0,0,35.1
7420,"2,130",0,360,620,390,260,380,120,0,0,33.2
7421,"1,090",20,240,390,180,150,60,0,20,20,25.3
7422,160,0,30,30,20,60,0,10,0,10,41.0
7423,800,30,0,150,290,180,90,0,0,60,39.5
7440,490,20,100,190,60,90,40,0,0,0,25.3
7444,280,0,90,90,0,40,40,20,0,0,24.3
7445,110,0,30,20,20,20,10,20,0,0,31.6
7446,250,0,20,60,60,60,30,20,0,0,40.4
7447,160,0,20,100,10,30,0,0,0,0,24.2
7460,800,0,170,340,190,110,0,0,0,0,25.2
7461,540,0,90,190,50,120,80,0,0,20,28.8
7464,160,0,30,60,40,10,0,10,0,0,28.3
7465,150,0,0,80,0,0,70,0,0,0,29.3
7466,380,0,90,70,90,20,90,20,0,0,35.3
7480,40,0,30,0,0,10,0,0,0,0,10.3
7481,80,0,10,30,30,0,0,10,0,0,28.4
7482,0,0,0,0,0,0,0,0,0,0,0
7483,310,0,70,120,80,40,0,0,0,0,24.9
7484,0,0,0,0,0,0,0,0,0,0,0
7500,100,0,30,40,20,0,10,0,0,0,22.1
7501,0,0,0,0,0,0,0,0,0,0,0
7502,30,0,0,30,0,0,0,0,0,0,22.5
7503,0,0,0,0,0,0,0,0,0,0,0
7504,50,0,20,30,0,0,0,0,0,0,18.8
7505,"8,500",0,"3,200","3,600","1,200",400,200,0,0,0,19.2
7520,"2,800",0,800,"1,200",500,200,100,0,0,0,22.3
7521,400,0,90,210,60,30,0,0,0,10,22.7
7522,"1,050",10,270,460,230,60,10,0,0,0,22.8
7540,390,0,70,210,0,50,30,0,0,20,22.8
7541,390,0,100,160,90,30,10,0,0,0,23.7
7542,120,0,40,60,10,0,10,0,0,0,20.0
7543,20,0,20,0,0,10,0,0,0,0,10.0
7544,280,0,90,110,70,20,0,0,0,0,22.8
7545,150,0,90,40,10,0,10,0,0,0,12.7
7546,650,0,280,270,40,50,20,0,0,0,17.4
7547,230,0,50,150,10,10,0,0,0,0,20.9
7548,390,10,170,150,30,10,10,0,0,0,16.0
7560,90,0,20,30,30,0,0,0,0,0,25.2
7561,360,0,180,140,40,0,0,0,0,0,15.1
7564,190,0,80,60,40,10,0,0,0,0,18.8
8000,300,20,130,80,40,30,0,0,0,0,15.5
8001,130,0,60,50,20,0,0,0,0,0,16.4
8002,230,0,90,90,40,0,10,0,0,0,19.1
8201,400,10,110,220,30,10,0,0,0,0,19.9
8202,140,0,50,70,10,10,0,0,0,0,18.7
8203,190,0,150,30,10,0,0,0,0,0,9.7
8204,120,0,30,100,0,0,0,0,0,0,20.6
8205,940,0,400,440,70,0,20,0,0,0,17.2
8207,40,0,10,10,10,10,0,0,0,0,26.3
8208,380,0,240,110,30,0,0,0,0,0,12.0
8210,340,0,220,110,0,10,0,0,0,0,11.5
8211,130,0,20,80,10,20,0,0,0,0,23.6
8212,90,0,30,20,10,10,20,0,0,0,27.1
8214,"5,000",0,"1,800","1,900",900,300,100,0,0,0,20.1
8215,"2,120",0,720,750,460,150,50,0,0,0,21.8
8216,490,0,120,250,70,40,0,0,0,0,22.1
8217,240,0,90,130,20,0,0,0,0,0,18.6
8219,160,0,90,50,0,10,10,0,0,0,13.8
8220,200,0,120,70,0,10,0,0,0,0,13.0
8221,120,10,40,50,30,0,0,0,0,0,19.9
8222,130,0,40,70,20,0,0,0,0,0,20.1
8223,200,0,90,80,20,0,10,0,0,0,16.8
8224,370,0,200,100,50,10,0,0,0,0,13.8
8225,710,0,230,310,150,20,0,0,0,0,21.0
8226,160,10,60,30,40,20,0,0,0,0,19.3
8227,40,0,10,10,10,0,10,0,0,0,22.5
8228,60,0,0,40,20,0,0,0,0,0,26.3
8229,"4,600",100,"1,700","2,100",500,200,0,0,0,0,19.1
8230,"1,780",0,420,930,300,120,0,0,0,0,22.5
8231,460,0,160,260,30,10,0,0,0,0,19.3
8232,190,40,10,130,0,0,0,0,0,0,19.5
8233,250,0,190,30,20,0,0,0,0,0,9.8
8234,20,0,0,10,0,0,0,0,0,0,20.5
8235,170,0,90,80,0,0,0,0,0,0,13.6
8236,100,0,50,40,0,0,0,0,0,0,15.0
8300,180,0,80,40,40,0,10,0,0,0,19.6
8302,310,0,170,140,0,0,0,0,0,0,13.9
8309,200,0,110,70,10,10,10,0,0,0,14.3
8310,320,0,110,120,60,20,0,10,0,0,20.8
8340,10,0,0,10,0,0,0,0,0,0,22.5
8341,10,0,10,0,0,0,0,0,0,0,7.5
8360,200,0,110,30,40,10,0,0,0,0,13.2
8364,60,10,30,10,0,0,0,0,0,0,7.5
8440,180,0,100,50,0,0,10,0,10,0,12.8
8442,"3,800",100,"1,600","1,200",800,200,100,0,0,0,18.8
8443,810,60,170,400,180,0,0,0,0,0,21.7
8447,420,0,230,150,30,0,0,0,0,10,13.3
8520,210,0,110,60,10,20,10,0,0,0,14.2
8521,50,0,30,10,10,0,0,0,0,0,12.0
8540,80,0,50,20,0,10,10,0,0,0,12.8
8542,400,0,150,200,40,10,0,0,0,0,18.6
8546,110,0,60,30,10,10,0,0,0,0,12.7
8560,280,0,200,60,20,0,0,0,0,0,10.5
8564,270,0,120,80,50,20,0,0,0,0,18.0
9000,150,0,40,70,30,20,0,0,0,0,23.5
9001,100,0,60,20,30,0,0,0,0,0,13.0
9002,10,0,0,0,10,0,0,0,0,0,37.5
9201,"7,200",0,"2,000","2,900","1,200",700,200,0,100,0,22.9
9202,"1,800",20,360,750,340,220,70,0,30,10,25.3
9203,440,10,150,150,100,40,10,0,0,0,22.0
9204,410,0,160,100,90,50,10,0,0,0,21.6
9205,350,0,110,120,60,30,30,0,0,0,23.1
9206,240,0,100,50,40,10,30,10,0,0,22.0
9208,400,0,140,120,120,20,0,0,0,0,23.0
9209,310,0,40,200,60,10,0,0,0,0,23.5
9210,680,0,210,260,110,70,10,0,0,10,21.9
9211,280,0,40,150,50,40,0,0,0,0,24.9
9213,180,0,60,100,10,10,0,0,0,0,19.6
9214,100,0,30,20,30,10,10,0,0,0,30.5
9215,210,0,60,100,30,10,0,0,0,0,21.0
9216,80,0,40,20,10,10,10,0,0,0,14.8
9300,330,0,90,230,0,20,0,0,0,0,20.1
9301,530,0,140,270,60,50,10,0,0,0,22.1
9340,160,0,50,70,20,20,0,0,0,0,20.6
9342,220,0,120,50,40,0,20,0,0,0,14.1
9343,"10,900",100,"4,300","3,900","1,700",600,200,100,0,0,19.0
9344,"1,490",30,360,630,430,20,0,20,0,0,23.4
9345,"1,150",20,390,420,210,90,20,0,0,0,20.8
9360,700,0,270,270,90,50,0,10,0,10,19.2
9361,270,0,140,60,60,0,10,0,0,0,14.4
9364,240,0,60,140,30,10,0,0,0,0,21.7
9380,160,0,70,70,20,0,0,0,0,0,17.4
9384,260,10,50,130,50,10,0,0,0,0,22.2
9386,530,0,210,130,80,70,30,10,0,0,21.0
9400,390,0,60,200,90,10,0,0,0,20,23.8
9407,150,0,100,30,10,0,10,10,0,0,11.4
9411,320,10,180,110,10,20,0,0,0,0,12.8
10000,310,10,160,110,10,10,20,0,0,0,14.4
10001,210,0,80,90,20,10,0,0,0,0,18.4
10002,220,0,80,90,40,0,0,0,0,10,19.6
10201,250,10,130,40,30,30,20,0,0,0,13.8
10202,600,0,180,330,70,20,0,10,0,0,20.7
10203,110,0,50,50,0,0,10,0,0,0,17.0
10204,140,0,60,60,10,20,0,0,0,0,18.0
10205,330,10,110,100,40,40,20,0,10,0,21.3
10206,40,0,0,0,40,0,0,0,0,0,37.5
10207,10,0,10,0,0,0,0,0,0,0,7.5
10208,0,0,0,0,0,0,0,0,0,0,0
10209,90,10,20,10,30,10,0,10,0,0,31.6
10210,80,0,0,50,30,0,0,0,0,0,26.3
10211,70,0,40,30,0,0,0,0,0,0,12.5
10212,"7,300",0,"2,500","3,000",900,400,400,0,0,0,20.7
10340,"1,010",0,210,610,80,0,70,40,0,0,22.3
10344,450,0,150,230,50,10,10,0,0,0,20.2
10345,300,0,90,130,10,70,10,0,0,0,21.8
10360,780,0,230,290,110,60,80,0,0,10,23.0
10366,260,0,110,120,30,0,0,0,0,0,17.6
10367,330,0,170,110,30,10,10,0,0,0,14.2
10380,130,10,50,50,10,0,10,0,0,0,15.7
10382,90,0,20,40,20,10,0,0,0,0,24.6
10383,0,0,0,0,0,0,0,0,0,0,0
10384,200,0,90,30,60,0,20,0,0,0,19.6
10420,80,0,20,30,30,10,0,0,0,0,26.3
10421,290,0,60,120,70,0,30,0,0,10,24.3
10424,490,0,90,220,70,60,40,0,0,0,25.1
10425,150,0,60,50,0,20,20,0,0,0,18.1
10426,0,0,0,0,0,0,0,0,0,0,0
10428,0,0,0,0,0,0,0,0,0,0,0
10429,280,0,190,60,30,0,0,0,10,0,11.2
10440,80,0,30,10,20,0,20,0,0,0,27.4
10443,420,0,180,140,40,20,20,10,10,0,18.3
10444,310,0,190,60,40,10,10,0,0,0,12.0
10448,80,0,30,20,10,10,0,0,0,0,20.5
10449,0,0,0,0,0,0,0,0,0,0,0
10460,0,0,0,0,0,0,0,0,0,0,0
10464,160,0,50,60,40,0,20,0,0,0,22.7
10520,120,0,20,100,0,0,0,0,0,0,21.3
10521,0,0,0,0,0,0,0,0,0,0,0
10522,170,0,60,30,60,20,0,0,0,0,24.2
10523,0,0,0,0,0,0,0,0,0,0,0
10524,0,0,0,0,0,0,0,0,0,0,0
10525,210,0,60,90,40,10,10,0,0,0,22.6
11000,0,0,0,0,0,0,0,0,0,0,0
11001,"13,600",0,"4,300","5,800","2,200",900,300,100,0,100,21.5
11002,"3,500",0,"1,100","1,500",500,300,100,0,0,0,21.8
11100,"1,240",0,360,500,210,120,30,0,0,30,22.4
11101,900,0,250,450,110,30,20,20,0,0,21.5
11102,"1,400",0,450,560,230,130,30,0,0,0,21.6
11103,"3,100",0,"1,000","1,200",700,200,0,0,0,0,21.6
11104,"1,060",0,300,450,230,80,20,0,0,0,22.9
11105,440,0,200,130,100,10,0,0,0,0,17.7
11106,560,0,150,180,200,20,0,20,0,0,26.0
11107,530,0,120,240,120,20,0,0,0,20,23.2
11108,80,0,40,20,10,10,0,0,0,0,14.0
11109,250,0,110,110,10,10,0,0,0,0,16.7
11110,170,0,90,60,0,10,0,0,0,0,14.1
11201,910,0,270,310,140,80,90,0,20,0,24.0
11202,410,0,90,200,60,50,20,0,0,0,24.1
11203,360,10,80,130,60,20,50,0,0,0,24.8
11206,50,0,20,30,0,0,0,0,0,0,18.1
11207,220,0,60,100,50,0,10,0,0,0,23.2
11208,360,0,100,160,50,20,20,10,0,0,22.4
11209,950,0,270,500,150,30,0,0,0,0,21.1
11210,280,0,60,50,160,0,0,0,0,0,32.2
11211,670,0,200,350,90,20,0,0,0,0,20.6
11212,280,0,100,180,0,0,0,0,0,0,18.2
11214,590,0,280,160,40,80,20,0,0,0,16.0
11215,330,0,120,180,10,20,0,0,0,0,18.8
11216,80,0,20,40,20,0,0,0,0,0,21.5
11217,60,0,20,20,0,20,0,0,0,0,24.2
11218,150,0,40,90,20,10,0,0,0,0,21.5
11219,110,0,80,20,10,0,0,0,0,0,10.6
11221,110,0,20,60,20,10,0,0,0,0,24.2
11222,180,0,90,70,10,0,0,0,0,0,14.4
11223,70,0,10,60,0,0,0,0,0,0,21.2
11224,80,0,10,40,20,0,0,0,0,0,26.4
11225,100,0,50,40,0,0,10,0,0,0,16.2
11227,10,0,10,0,0,0,0,0,0,0,7.5
11228,0,0,0,0,0,0,0,0,0,0,0
11229,110,0,60,0,20,20,0,0,0,0,12.5
11230,180,0,40,100,40,10,0,0,0,0,23.3
11231,120,0,20,100,0,0,0,0,0,0,20.6
11232,160,0,60,60,0,40,0,0,0,0,19.9
11233,"38,800",200,"9,600","14,400","6,900","4,600","2,100",500,0,300,24.8
11234,"20,300",100,"4,300","7,100","3,800","3,300","1,200",400,0,100,27.0
11235,"1,330",0,130,550,300,280,70,0,0,0,29.6
11237,240,0,0,110,60,50,20,0,0,0,32.1
11238,"2,910",20,670,970,550,370,220,70,20,20,26.7
11239,780,0,120,290,150,160,10,20,0,20,28.3
11240,560,0,120,160,100,150,40,0,0,0,30.8
11241,110,0,40,30,40,0,10,0,0,0,23.8
11242,130,0,0,70,50,10,0,0,0,0,28.5
11243,460,0,70,160,140,40,30,10,0,0,29.7
11245,400,0,160,120,50,30,30,0,0,10,19.6
11246,"3,440",0,720,"1,230",700,570,170,40,0,20,27.1
11300,"2,790",20,730,"1,080",430,400,110,0,0,10,23.8
11301,"1,710",20,430,630,350,190,80,20,0,0,24.6
11320,"1,270",0,360,400,140,240,70,50,0,10,25.0
11324,"1,420",0,330,520,250,210,70,20,10,0,25.9
11326,"1,700",30,170,570,310,380,130,110,0,0,33.7
11327,"1,040",0,270,210,150,240,140,40,10,0,34.8
11340,"1,930",0,480,760,450,150,40,20,0,40,24.2
11341,"1,340",0,400,490,200,150,100,0,0,0,23.3
11342,"1,570",0,360,470,320,230,110,60,0,20,28.2
11343,"1,310",20,230,660,190,70,110,20,0,20,24.0
11346,400,0,150,160,90,0,0,0,0,0,19.4
11347,390,20,100,120,40,90,20,0,0,0,24.4
11348,600,0,170,90,210,40,70,0,0,20,32.2
11349,310,0,120,90,50,0,40,0,0,0,20.0
11360,240,0,100,120,20,10,0,0,0,0,17.9
11361,210,0,70,80,0,30,30,0,0,0,20.8
11362,"1,910",0,520,"1,050",260,30,30,0,0,20,21.1
11363,"1,280",0,370,520,180,60,50,30,0,80,21.7
11365,750,0,230,350,80,70,30,0,0,0,21.2
11369,260,10,90,90,20,0,20,20,0,10,19.0
11380,60,0,30,40,0,0,0,0,0,0,17.3
11381,90,0,30,40,20,0,10,0,0,0,21.4
11383,380,10,140,130,60,30,0,10,0,0,19.6
11385,"1,240",0,360,530,250,80,30,0,0,0,22.4
11400,260,0,80,120,20,30,10,0,0,0,21.7
11408,180,0,90,70,0,0,20,0,10,0,15.8
11440,200,0,50,80,20,30,20,0,0,0,23.5
11442,350,10,140,120,50,20,10,0,0,10,18.0
11460,90,0,30,20,10,20,0,0,0,0,25.4
11464,70,0,10,30,20,0,10,0,0,0,27.3
11465,200,0,30,50,50,20,30,10,0,20,31.9
12000,300,0,90,110,80,0,20,0,0,0,23.0
12001,10,0,10,10,0,0,0,0,0,0,15.0
12002,0,0,0,0,0,0,0,0,0,0,0
12100,0,0,0,0,0,0,0,0,0,0,0
12101,640,10,270,190,130,40,0,0,0,0,17.9
12102,30,0,10,20,0,0,0,0,0,0,18.8
12103,130,0,10,50,60,20,0,0,0,0,33.3
12104,130,0,30,30,30,20,30,0,0,0,36.9
12105,0,0,0,0,0,0,0,0,0,0,0
12106,330,0,70,200,30,20,20,0,0,0,22.4
12202,70,10,20,30,0,0,10,10,0,0,20.2
12203,280,10,70,110,40,40,0,0,0,0,22.4
12204,70,0,60,0,10,0,0,0,0,0,9.0
12205,0,0,0,0,0,0,0,0,0,0,0
12206,160,0,50,70,20,10,0,0,0,0,21.3
12207,10,0,0,0,0,0,0,0,0,10,0.0
12208,0,0,0,0,0,0,0,0,0,0,0
12210,0,0,0,0,0,0,0,0,0,0,0
12211,0,0,0,0,0,0,0,0,0,0,0
12212,380,0,80,170,80,40,10,0,0,0,25.1
12213,0,0,0,0,0,0,0,0,0,0,0
12215,80,0,50,30,10,0,0,0,0,0,13.5
12216,70,0,30,40,0,0,0,0,0,0,17.3
12217,30,0,10,10,10,0,0,0,0,0,22.5
12218,"5,000",100,"1,500","2,100",800,200,100,0,0,100,21.1
12219,780,0,280,250,110,90,30,0,0,20,20.8
12220,940,0,120,470,280,30,0,30,0,20,25.8
12221,240,20,70,150,0,0,0,0,0,0,18.2
12222,630,20,220,210,110,30,0,0,0,40,19.0
12223,300,0,50,150,50,20,10,0,0,20,24.7
12224,560,20,150,280,80,20,0,0,0,20,20.5
12225,80,0,0,40,40,0,0,0,0,0,30.8
12226,90,0,40,50,0,0,0,0,0,0,16.1
12227,70,0,30,40,0,0,0,0,0,0,16.6
12228,140,0,50,50,10,10,10,0,0,0,19.5
12229,140,0,80,50,10,0,0,0,0,0,13.3
12230,30,0,20,10,0,0,0,0,0,0,11.3
12231,170,10,60,60,50,0,0,0,0,0,19.6
12232,240,0,80,160,0,0,0,0,0,0,19.0
12233,0,0,0,0,0,0,0,0,0,0,0
12234,20,0,20,0,0,0,0,0,0,0,7.5
12235,140,0,40,40,40,0,20,0,0,0,26.7
12236,0,0,0,0,0,0,0,0,0,0,0
12237,280,0,100,150,40,0,0,0,0,0,19.6
12238,"2,800",0,800,"1,300",400,300,100,0,0,0,21.9
12239,650,0,130,250,80,160,30,0,0,0,26.8
12320,250,0,60,150,30,0,10,0,0,0,21.6
12322,60,0,20,30,0,20,0,0,0,0,22.7
12329,400,0,130,210,50,10,0,0,0,0,20.1
12340,300,0,70,190,0,40,0,0,0,0,21.2
12342,190,0,50,90,50,0,10,0,0,0,24.0
12347,200,0,50,110,30,10,0,0,0,0,21.3
12349,150,0,60,10,70,0,0,0,0,0,27.8
12400,110,0,30,50,30,0,0,0,0,0,23.0
12403,40,10,10,20,0,0,0,0,0,0,14.5
12409,230,10,140,60,20,0,0,0,0,0,11.5
12410,110,0,20,60,20,20,0,0,0,0,25.0
12420,30,0,0,20,0,10,0,0,0,0,26.7
12421,0,0,0,0,0,0,0,0,0,0,0
12422,0,0,0,0,0,0,0,0,0,0,0
12423,"8,200",100,"2,300","3,000","1,200",900,500,100,0,100,23.4
12424,"3,700",100,700,"1,300",600,600,300,0,0,0,27.2
12426,0,0,0,0,0,0,0,0,0,0,0
12427,0,0,0,0,0,0,0,0,0,0,0
12440,90,0,10,40,20,10,0,0,0,0,26.1
12441,70,0,20,20,20,20,0,0,0,0,30.0
12443,50,0,10,30,10,0,0,0,0,0,21.4
12460,40,0,0,20,10,10,0,0,0,0,32.5
12463,140,10,40,50,10,20,10,0,0,0,22.1
13000,340,0,110,60,120,0,50,0,0,0,30.2
13001,"1,900",50,330,650,290,380,140,20,10,20,27.9
13002,540,0,130,240,80,40,50,0,0,0,23.6
13100,560,10,90,170,60,150,50,10,0,10,30.6
13101,430,0,90,210,70,40,10,0,0,0,23.7
13102,500,10,190,170,50,20,20,0,0,30,18.2
13103,300,0,70,120,80,40,0,0,0,0,25.3
13104,850,0,230,390,90,30,70,10,0,20,22.0
13105,130,0,60,40,20,0,0,0,0,0,15.4
13106,290,0,150,110,0,0,20,20,0,0,14.3
13107,120,0,10,40,30,10,10,10,0,0,32.6
13108,210,0,60,80,30,30,10,0,0,0,24.2
13109,80,0,20,40,20,0,0,0,0,0,22.7
13110,320,10,130,130,10,10,30,0,0,0,17.7
13111,290,10,110,70,30,40,30,0,0,0,21.1
13112,400,0,210,130,40,0,0,10,10,0,14.2
13113,120,0,50,30,20,20,0,0,0,10,19.8
13114,80,0,20,10,10,10,10,0,10,0,35.0
13115,0,0,0,0,0,0,0,0,0,0,0
13116,200,0,100,40,0,40,10,0,0,0,14.6
13117,0,0,0,0,0,0,0,0,0,0,0
13118,150,0,80,60,10,0,0,0,0,0,14.3
13119,"58,100",500,"11,500","19,400","10,300","9,300","5,300","1,000",300,600,28.0
13120,"27,500",300,"5,300","8,500","5,600","5,100","2,200",400,100,200,29.4
13121,710,0,160,310,120,90,30,0,0,0,24.4
13122,0,0,0,0,0,0,0,0,0,0,0
13123,"1,010",10,230,410,110,110,100,30,0,10,24.7
13201,0,0,0,0,0,0,0,0,0,0,0
13202,"1,150",0,240,400,270,160,70,10,0,0,27.6
13203,"1,090",20,170,300,240,140,140,50,0,30,31.9
13204,160,0,10,50,70,0,20,10,0,0,35.1
13205,660,10,120,300,120,90,20,0,0,0,25.1
13206,730,10,150,270,170,50,80,0,0,10,26.2
13207,"4,040",50,640,"1,130",920,870,360,60,20,0,33.3
13208,0,0,0,0,0,0,0,0,0,0,0
13209,130,0,50,20,40,20,0,0,0,0,24.6
13210,740,0,130,220,230,110,30,20,0,0,31.5
13211,"1,370",0,230,410,290,280,110,30,0,10,31.9
13212,300,10,10,80,130,30,30,0,0,0,35.1
13213,"2,290",90,320,580,630,500,100,60,20,0,33.8
13214,380,10,50,80,90,60,70,20,0,0,38.0
13215,680,0,190,120,200,120,60,0,0,0,32.3
13218,840,0,260,240,90,180,50,0,0,20,24.5
13219,"3,280",20,600,860,550,880,320,30,20,0,34.3
13220,"2,190",20,490,680,410,420,120,40,0,20,27.6
13221,"5,400",20,"1,120","1,920",860,870,500,50,10,40,27.0
13222,360,0,100,100,50,120,0,0,0,0,28.2
13223,0,0,0,0,0,0,0,0,0,0,0
13224,"5,500",100,"1,100","1,900",800,700,600,100,0,0,27.0
13225,630,0,190,160,140,80,50,0,0,0,26.9
13227,850,0,140,380,70,120,110,20,0,20,25.9
13228,240,10,30,110,30,10,50,0,0,0,25.7
13229,260,0,70,40,80,30,20,0,20,0,32.4
13300,"1,750",30,340,520,250,220,280,70,20,10,29.0
13303,"1,440",10,270,570,220,250,110,10,0,0,26.6
13305,290,0,50,160,40,20,10,0,0,10,23.8
13307,"1,270",0,360,490,220,100,50,10,30,0,23.4
13308,"1,670",20,290,380,410,230,220,50,40,30,34.7
13360,130,0,10,50,10,50,0,20,0,0,44.3
13361,"2,870",60,420,990,640,510,220,0,0,30,29.2
13362,360,0,90,130,20,80,40,0,0,0,25.4
13363,"1,410",20,270,560,230,220,90,0,0,20,25.9
13364,850,20,230,370,100,20,110,10,0,0,22.4
13380,740,0,250,230,130,60,80,0,0,0,23.1
13381,"1,530",0,250,490,270,200,250,70,0,0,30.9
13382,"1,500",0,270,630,210,210,110,60,10,0,26.5
13400,"1,820",20,550,550,240,260,170,0,10,20,24.2
13401,"1,150",0,240,520,120,80,60,10,0,120,23.1
13402,690,0,130,200,90,150,70,20,0,30,31.4
13420,760,0,120,270,110,130,90,30,0,0,29.0
13421,400,0,50,140,80,70,50,0,0,0,30.1
14000,420,0,70,130,90,80,30,0,0,20,30.3
14001,"1,490",40,260,570,230,190,170,20,0,10,26.6
14002,530,0,90,250,80,40,30,10,20,0,25.4
14100,50,0,10,20,0,20,0,0,0,0,26.3
14101,180,0,30,40,40,50,20,0,0,0,35.6
14102,790,0,160,410,130,20,80,0,0,0,23.9
14103,940,0,280,270,90,180,60,30,30,0,25.3
14104,410,0,80,200,30,60,20,20,0,0,24.4
14105,270,0,70,70,20,70,30,0,0,20,27.2
14106,220,0,40,50,30,50,30,20,0,10,38.6
14107,940,0,110,440,50,220,60,0,0,60,26.2
14108,200,0,110,20,70,0,0,0,10,0,14.3
14109,130,10,10,50,10,20,20,0,0,0,27.5
14110,450,0,90,140,120,0,80,20,0,0,29.8
14111,300,0,40,100,50,20,60,20,0,10,31.7
14112,230,0,90,50,0,50,30,10,0,0,22.0
14113,220,0,30,80,10,30,50,0,0,20,29.0
14114,0,0,0,0,0,0,0,0,0,0,0
14115,20,0,10,0,0,10,0,0,0,0,15.0
14116,80,0,0,40,30,0,10,0,0,0,30.0
14117,40,0,10,10,0,0,0,10,0,0,22.5
14118,0,0,0,0,0,0,0,0,0,0,0
14130,"33,400",200,"7,500","11,400","6,400","4,700","2,500",400,100,100,26.7
14131,"12,000",100,"1,800","3,700","2,700","2,300","1,200",200,0,0,32.2
14132,"1,110",0,250,250,280,240,80,20,0,0,33.2
14133,710,0,80,330,70,90,130,10,0,0,27.6
14134,860,0,120,390,160,140,30,20,0,0,27.1
14135,"1,490",30,320,490,240,280,100,20,20,0,27.0
14136,"2,020",0,150,520,650,430,190,30,0,50,37.3
14137,"2,390",20,270,640,650,480,290,30,0,0,35.9
14150,840,0,120,270,170,140,140,0,0,0,32.2
14151,"1,110",0,250,360,210,260,30,0,0,0,27.4
14152,"1,460",0,220,480,250,240,220,20,20,0,31.4
14153,"4,100",40,920,"1,680",720,620,90,0,20,0,24.7
14201,"2,060",20,470,580,380,380,190,30,0,20,28.8
14203,"1,530",20,370,540,310,130,110,50,0,0,25.3
14204,"2,850",60,680,770,550,330,360,30,20,40,27.9
14205,370,0,90,220,50,10,0,0,0,0,21.5
14206,440,0,130,150,80,40,30,0,0,10,23.2
14207,"1,230",10,250,380,290,150,90,20,10,20,28.5
14208,100,0,10,40,30,10,10,10,0,0,33.7
14210,410,0,200,140,50,20,0,0,0,0,15.5
14211,950,0,190,470,140,90,70,0,0,0,24.1
14212,240,0,80,90,20,0,30,10,10,0,21.0
14213,310,0,130,120,20,20,20,0,0,0,17.6
14214,"1,080",0,390,300,130,130,140,0,0,0,22.8
14215,200,0,80,30,60,10,10,10,0,0,24.8
14216,640,0,90,320,110,90,40,0,0,0,25.9
14217,650,0,100,330,170,60,0,0,0,0,25.4
14218,270,0,130,100,20,20,10,0,0,0,16.4
14300,490,0,100,230,70,30,50,0,0,0,24.3
14301,170,0,60,60,20,10,20,10,0,0,21.0
14320,150,0,60,40,20,30,10,0,0,0,21.2
14321,150,0,40,70,20,10,0,0,0,0,21.8
14340,340,0,140,120,30,50,10,0,0,0,19.0
14341,270,0,140,60,40,10,20,0,0,0,13.4
14342,60,0,20,30,10,0,10,0,0,0,23.1
14360,700,10,220,220,160,60,10,30,0,0,23.2
14361,160,0,60,30,40,20,10,0,0,0,24.9
14362,310,0,100,160,50,10,0,0,0,0,20.6
14363,320,0,110,100,50,50,0,0,0,0,21.8
14364,40,0,10,10,10,0,0,0,0,0,22.5
14366,100,20,20,50,20,0,0,0,0,0,19.8
14380,70,0,30,40,0,0,0,0,0,0,16.3
14382,100,0,50,30,0,0,0,10,0,0,13.1
14383,0,0,0,0,0,0,0,0,0,0,0
14384,80,0,10,30,30,0,0,0,0,0,28.0
14400,90,0,40,40,0,10,0,0,0,0,17.5
14401,230,0,70,90,30,30,0,0,0,0,21.5
14402,150,0,80,40,30,0,0,0,0,0,14.4
15000,"3,800",0,"1,100","1,700",600,200,200,0,0,0,22.2
15001,810,0,140,450,130,30,60,0,0,0,23.7
15002,210,0,20,60,40,50,20,20,0,0,40.0
15100,300,0,90,150,40,10,10,0,0,0,21.3
15101,280,10,90,80,40,50,10,0,0,0,23.4
15102,340,0,100,140,90,0,20,0,0,0,22.8
15103,270,0,80,130,30,20,10,0,0,0,21.0
15104,160,0,60,70,20,10,10,0,0,0,19.5
15105,420,0,130,180,40,40,10,10,0,10,20.9
15106,0,0,0,0,0,0,0,0,0,0,0
15107,0,0,0,0,0,0,0,0,0,0,0
15108,0,0,0,0,0,0,0,0,0,0,0
15202,70,0,10,30,20,10,0,10,0,0,27.8
15204,0,0,0,0,0,0,0,0,0,0,0
15205,60,0,30,20,10,0,0,0,0,0,15.0
15206,0,0,0,0,0,0,0,0,0,0,0
15208,0,0,0,0,0,0,0,0,0,0,0
15209,70,0,30,30,20,0,0,0,0,0,20.3
15210,160,0,90,30,40,0,10,0,0,0,13.6
15211,20,0,0,20,0,0,0,0,0,0,22.5
15212,0,0,0,0,0,0,0,0,0,0,0
15213,90,0,10,30,10,10,0,10,0,0,30.0
15216,"5,500",100,"1,800","2,400",800,200,100,0,0,0,20.7
15217,"1,570",30,400,760,310,30,0,10,40,0,22.1
15218,170,10,60,60,30,10,0,0,0,0,18.6
15222,150,0,50,70,30,10,0,0,0,0,21.8
15223,170,0,60,70,10,0,20,0,0,10,19.8
15224,200,0,80,80,20,10,10,10,0,0,19.4
15225,840,10,330,290,70,90,30,10,0,0,19.0
15226,340,0,170,100,50,10,10,10,0,0,15.2
15227,130,0,30,60,20,10,10,0,0,10,22.9
15300,50,0,30,10,10,0,0,0,0,0,14.0
15307,130,0,10,60,40,10,0,0,0,0,28.3
15340,140,0,40,60,0,10,30,0,0,0,22.1
15342,410,0,120,200,60,30,0,0,0,0,21.2
15360,110,0,30,60,20,0,0,0,0,0,21.1
15361,70,0,30,0,0,30,0,0,0,0,15.0
15380,"3,900",0,"1,500","1,800",400,200,100,0,0,0,18.6
15385,900,0,370,480,20,30,0,0,0,0,17.5
15400,"1,020",20,290,590,50,40,40,0,0,0,20.2
15405,470,10,270,130,40,10,10,0,0,0,12.7
15460,220,0,130,50,40,0,0,0,0,0,12.7
15461,90,0,20,60,20,0,0,0,0,0,22.6
15480,100,0,20,70,10,0,0,0,0,0,20.7
15482,230,0,110,70,20,20,20,0,0,0,16.0
15500,270,0,20,150,50,50,0,0,0,0,26.3
15504,"6,700",0,"2,900","2,900",500,300,100,0,0,0,17.3
15580,"1,550",0,390,890,180,40,50,0,0,0,21.4
15581,790,10,390,330,40,10,0,0,0,0,14.6
15586,"1,380",0,470,670,90,100,40,0,0,10,19.8
16000,520,0,260,190,30,20,10,0,0,0,14.5
16001,130,10,60,40,10,10,0,10,0,0,14.0
16002,260,0,130,100,20,10,0,0,10,0,15.3
16201,240,0,100,110,30,0,10,0,0,0,17.5
16202,400,0,180,150,40,40,0,0,0,0,17.6
16204,"6,800",200,"2,100","2,600","1,200",500,200,0,100,0,21.6
16205,"2,000",100,400,800,400,200,100,0,0,0,24.3
16206,420,30,30,160,140,60,0,0,0,0,29.4
16207,770,30,150,360,160,50,20,0,0,0,23.5
16208,420,0,120,150,80,10,50,0,0,0,23.7
16209,380,20,110,150,30,70,0,0,0,0,21.2
16210,930,60,290,370,150,60,0,0,0,0,19.7
16211,490,10,170,250,20,20,0,0,0,30,18.1
16320,360,0,70,140,70,60,30,0,0,0,26.9
16321,170,0,40,70,50,0,10,0,0,0,24.3
16322,310,0,110,140,30,20,10,0,0,0,20.3
16323,210,0,60,70,40,10,30,0,0,0,24.0
16340,400,0,190,120,40,30,10,10,0,0,16.8
16342,130,0,40,50,30,0,10,0,0,0,21.8
16343,50,0,10,30,10,0,0,0,0,0,22.3
17000,70,0,30,30,0,10,0,0,0,0,16.3
17001,420,0,140,100,130,30,10,0,10,0,25.8
17002,190,10,60,70,40,20,0,0,0,0,21.5
17201,260,0,110,80,70,0,0,0,0,0,18.5
17202,10,0,10,10,0,0,0,0,0,0,15.5
17203,"14,800",100,"4,000","5,400","2,700","1,700",600,100,0,100,24.0
17204,"6,000",0,"1,100","2,200","1,400",800,300,100,0,0,27.4
17205,"1,410",0,210,620,360,120,50,20,0,20,26.8
17206,870,0,110,230,310,150,70,0,0,0,34.6
17207,760,10,220,280,70,130,40,0,0,0,22.7
17209,"1,190",0,330,450,250,110,30,20,0,0,23.8
17210,570,0,100,180,180,70,10,0,0,20,29.1
17211,"1,120",0,130,430,210,260,80,20,0,0,29.9
17212,50,0,20,30,0,10,0,0,0,0,19.7
17320,30,0,0,20,20,0,0,0,0,0,30.0
17324,820,0,120,310,230,100,40,20,0,10,28.9
17360,170,0,50,80,40,0,0,0,0,0,22.0
17361,660,10,190,260,110,40,40,0,0,0,22.3
17365,860,0,280,360,110,80,30,0,0,0,21.2
17380,"1,760",20,440,720,290,270,0,0,0,20,23.5
17384,140,0,60,50,0,30,0,0,0,0,17.9
17386,430,0,210,100,50,60,20,0,0,0,16.0
17400,490,0,220,160,80,40,0,0,0,0,17.9
17407,330,0,160,120,20,30,0,0,0,0,16.1
17460,490,0,140,210,80,70,0,0,0,0,22.9
17461,"1,000",10,280,410,140,60,70,0,20,0,22.5
17463,130,0,30,60,10,10,0,0,0,0,21.9
18000,190,20,100,20,10,10,30,0,0,0,10.6
18001,10,0,0,0,10,0,0,0,0,0,37.5
18002,140,0,40,80,10,0,0,0,0,0,19.6
18201,210,0,20,70,90,0,20,20,0,0,32.1
18202,50,0,20,30,0,0,0,0,0,0,17.5
18204,90,0,10,50,0,30,0,0,0,0,24.6
18205,"12,800",0,"4,400","5,500","2,000",600,200,100,0,0,20.5
18206,"3,440",0,970,"1,660",570,150,30,20,20,0,21.7
18207,"1,380",0,420,670,190,100,0,0,0,0,21.1
18208,"1,520",0,400,660,350,90,0,0,20,0,23.3
18209,560,0,300,200,30,10,10,0,10,0,13.8
18210,"1,150",0,520,470,80,50,40,0,0,0,17.0
18320,480,0,110,180,120,50,0,20,0,0,25.4
18322,950,0,290,430,220,0,10,0,0,0,21.6
18380,360,0,150,160,20,20,0,0,0,0,17.6
18382,540,0,290,160,50,10,10,10,0,0,13.9
18400,400,0,150,180,10,20,30,10,0,0,19.2
18404,290,0,190,50,30,20,10,0,0,0,11.9
18420,900,0,310,330,190,20,30,0,0,0,21.1
18423,620,10,190,260,90,20,30,10,0,0,21.1
18440,80,0,10,30,10,20,0,0,0,0,26.6
18442,30,0,30,0,0,0,0,0,0,0,7.5
18480,"4,800",0,"1,500","1,800",700,400,200,0,0,0,22.0
18481,"1,280",0,330,480,300,140,20,0,0,0,24.6
18483,210,0,110,80,20,0,0,0,0,0,14.5
18500,140,0,40,70,20,20,0,0,0,0,22.4
18501,440,0,120,230,20,40,30,0,0,0,21.8
19000,360,0,60,160,70,60,10,0,0,0,26.5
19001,320,0,100,90,70,30,30,0,0,0,24.7
19002,420,0,170,120,60,10,50,10,0,0,19.5
19201,330,0,100,130,30,50,20,10,0,0,22.9
19202,230,0,70,90,30,20,10,0,0,0,22.6
19204,180,0,90,60,20,10,0,0,0,0,15.8
19205,150,0,40,80,20,0,20,0,0,0,22.5
19206,40,0,10,30,0,0,0,0,0,0,18.8
19207,"4,300",0,"1,100","2,200",600,200,100,0,0,0,21.7
19208,"1,950",0,440,"1,120",250,70,40,0,0,30,22.0
19209,430,0,110,220,30,30,40,0,0,0,22.3
19210,150,0,20,100,30,0,0,0,0,0,22.8
19211,160,0,40,100,10,10,0,0,0,0,20.6
19212,190,0,110,50,0,20,10,0,0,0,13.6
19213,460,0,100,240,80,30,20,0,0,0,23.3
19214,130,0,50,40,20,10,10,0,0,0,18.8
19340,240,0,110,60,50,0,20,0,0,0,17.1
19346,30,0,20,20,0,0,0,0,0,0,15.0
19360,110,0,20,70,20,0,0,0,0,0,22.6
19364,80,0,0,70,20,0,0,0,0,0,24.4
19365,60,0,10,30,20,0,0,0,0,0,25.0
19366,0,0,0,0,0,0,0,0,0,0,0
19368,"8,500",0,"3,300","3,800",700,400,200,100,0,0,18.5
19380,"2,420",0,580,"1,510",200,90,40,0,0,0,21.2
19384,"1,090",0,350,620,40,30,40,0,20,0,19.9
19420,420,0,210,180,0,20,0,0,0,10,15.0
19422,480,0,230,160,60,0,0,10,10,0,15.5
19423,750,0,380,300,30,10,20,0,0,0,14.8
19424,480,0,220,250,0,0,10,0,0,0,16.0
19425,310,0,150,70,30,50,0,0,10,0,16.3
19429,380,0,140,160,60,10,0,0,0,10,19.0
19430,570,0,300,110,110,20,10,10,0,0,14.0
19440,290,10,150,90,30,0,0,0,0,0,12.7
19442,250,0,80,140,20,10,0,0,0,0,19.9
19443,30,0,0,20,0,10,0,0,0,0,26.3
20000,160,10,50,0,50,0,20,20,0,0,35.4
20001,200,0,100,80,10,20,0,0,0,0,16.0
20002,170,0,90,40,10,20,0,0,10,0,14.0
20201,"5,900",0,"2,200","2,600",600,300,100,0,0,0,19.1
20202,"2,080",0,630,"1,130",230,80,0,0,0,0,20.4
20203,140,0,40,40,10,10,20,20,0,0,25.3
20204,200,10,90,90,0,10,0,0,0,0,14.6
20205,690,10,170,380,110,30,0,0,0,0,21.8
20206,130,0,50,60,10,10,0,0,0,0,18.5
20207,140,0,60,50,10,20,0,0,0,10,17.5
20208,60,0,30,20,0,0,0,0,10,0,14.6
20209,150,0,60,70,10,10,10,0,0,0,18.6
20210,170,0,100,40,0,10,10,0,0,10,11.8
20211,260,0,100,100,40,10,10,0,0,0,19.4
20212,270,0,100,110,30,20,10,0,0,0,19.2
20213,220,0,50,80,60,30,0,0,0,0,25.6
20214,150,0,100,10,40,0,0,0,0,0,11.7
20215,"40,300",200,"10,700","15,400","7,400","4,200","1,700",300,100,200,23.9
20217,"9,200",100,"2,100","3,600","1,900",900,400,100,0,100,24.9
20218,"1,630",0,360,670,390,130,60,0,0,10,25.0
20219,"1,060",0,270,420,240,90,30,0,0,20,24.0
20220,790,10,180,300,130,80,50,10,10,20,24.6
20300,"1,620",30,350,660,340,190,50,0,0,10,24.7
20303,690,0,120,300,80,170,20,0,0,0,26.0
20304,450,0,110,170,130,30,0,0,0,10,24.5
20305,"2,910",20,710,"1,070",610,220,210,50,0,20,25.0
20306,"10,000",0,"2,000","3,700","2,100","1,500",500,0,0,0,26.9
20307,"3,070",0,730,"1,160",610,460,90,20,0,0,25.3
20309,"2,290",20,440,970,520,240,50,0,0,40,25.1
20320,"1,000",0,80,350,310,180,30,30,20,0,33.2
20321,910,10,170,280,230,130,90,0,0,0,30.0
20323,"1,940",0,470,650,300,330,180,0,10,0,26.6
20324,270,0,20,80,80,70,20,0,0,0,36.9
20340,540,0,100,190,100,70,70,0,0,0,27.9
20349,"1,470",0,580,590,170,50,40,20,0,20,18.5
20350,"2,250",20,520,"1,120",370,130,80,0,0,0,22.8
20360,550,0,160,280,20,60,20,0,0,0,21.0
20361,"1,820",20,430,600,480,170,60,0,0,60,25.8
20362,"1,700",10,720,540,230,90,100,20,0,0,18.6
20363,220,0,90,70,40,10,20,0,0,0,19.1
20380,330,0,80,120,50,50,20,0,0,0,25.5
20382,450,0,170,150,70,30,0,10,0,0,20.0
20383,360,0,140,200,10,10,10,0,0,0,18.2
20384,460,10,210,180,20,20,10,0,0,0,15.3
20385,150,0,60,60,30,10,0,0,0,0,20.3
20386,470,0,100,180,30,70,50,20,10,10,25.5
20388,80,0,30,20,20,0,0,0,0,0,18.4
20400,200,0,90,20,40,0,20,20,0,0,20.7
20402,310,0,50,130,30,80,30,0,0,0,27.8
20403,150,0,0,80,50,20,0,0,0,0,29.8
20404,160,10,100,20,0,30,10,0,0,0,11.3
20407,0,0,0,0,0,0,0,0,0,0,0
20409,260,10,130,40,30,20,10,10,0,0,13.2
20410,340,0,70,170,40,30,20,10,0,0,23.9
20411,230,0,50,140,10,10,20,0,10,0,22.3
20412,220,0,30,130,60,0,0,0,0,0,24.5
20413,"1,240",10,380,480,210,90,70,0,0,0,22.2
20414,330,0,180,100,50,0,0,0,0,0,13.5
20415,170,0,60,70,40,0,0,0,0,0,21.0
20416,330,0,100,120,60,20,20,0,0,10,22.9
20417,30,0,20,0,10,0,0,0,0,0,11.3
20420,210,0,80,50,50,30,0,0,0,0,22.2
20422,0,0,0,0,0,0,0,0,0,0,0
20423,240,0,60,90,50,40,0,10,0,0,25.2
20425,250,0,90,130,10,20,0,0,0,0,19.2
20429,70,0,30,10,10,10,0,0,0,0,15.0
20430,130,0,40,50,10,0,20,0,0,0,21.6
20432,710,0,140,310,200,30,10,20,0,0,25.5
20440,130,0,0,30,40,60,0,0,0,0,43.4
20446,100,0,100,0,0,0,0,0,0,0,7.5
20448,290,0,70,150,50,30,0,0,0,0,23.1
20450,220,0,160,40,0,20,0,0,0,0,10.2
20451,80,0,60,0,20,0,0,0,0,0,9.4
20452,0,0,0,0,0,0,0,0,0,0,0
20480,700,0,160,320,90,100,20,0,10,0,23.7
20481,880,0,250,360,160,60,40,20,0,0,23.3
20482,240,0,50,90,50,30,0,20,0,0,26.7
20485,100,0,30,30,20,10,0,0,0,0,24.7
20486,360,10,120,130,80,10,10,0,0,0,20.6
20520,"6,500",0,"2,200","2,900",800,400,100,0,0,0,20.2
20521,"1,770",0,420,"1,100",100,110,20,0,0,0,21.2
20540,"1,440",10,580,620,140,40,20,20,0,0,17.9
20541,490,0,200,180,10,70,10,10,0,0,18.3
20543,180,0,90,40,20,10,10,0,0,0,13.7
20560,570,0,200,230,110,20,10,0,0,0,20.7
20561,590,0,210,220,90,50,10,0,10,0,20.9
20562,340,0,120,140,50,20,10,0,0,0,20.3
20563,100,0,60,20,10,10,0,0,0,0,12.7
20580,20,0,10,10,0,10,0,0,0,0,22.2
20583,200,10,110,40,40,0,10,0,0,0,13.5
20588,210,0,60,50,80,20,0,0,0,0,28.0
20590,80,0,20,40,10,0,10,0,0,0,24.9
20600,140,0,30,70,40,0,0,0,0,0,23.9
20602,90,0,20,30,10,10,0,0,0,0,23.4
21000,210,0,50,110,30,0,10,0,0,0,21.8
21001,"16,500",100,"5,300","5,700","2,900","1,600",600,100,0,100,22.2
21002,"6,120",80,"1,580","1,900","1,280",880,290,30,0,70,25.8
21201,"3,790",20,900,"1,650",870,260,60,30,0,0,23.8
21202,540,0,290,210,20,10,20,0,0,0,14.1
21203,990,0,250,390,160,90,100,0,0,0,24.6
21204,860,10,350,320,100,40,30,0,0,0,18.0
21205,200,0,120,40,20,10,0,0,0,0,12.6
21206,380,10,190,140,30,10,10,0,0,0,14.6
21207,260,0,160,40,20,40,10,0,0,0,12.2
21208,270,0,120,120,20,0,0,0,0,0,16.5
21209,190,10,110,60,10,0,0,0,0,0,11.9
21210,660,0,260,210,80,60,50,0,0,0,20.3
21211,300,10,100,150,30,20,0,0,0,0,19.6
21212,440,0,260,120,40,10,10,0,0,0,12.9
21213,100,0,20,40,20,20,0,0,0,0,26.3
21214,0,0,0,0,0,0,0,0,0,0,0
21215,100,0,60,10,20,0,0,0,0,0,12.1
21216,"18,300",100,"6,400","7,400","2,700","1,100",400,0,100,100,20.3
21217,"6,300",0,"1,300","2,600","1,300",700,200,0,0,100,25.3
21218,670,0,110,400,80,70,0,0,20,0,23.6
21219,"2,300",0,620,770,580,230,60,20,0,20,25.2
21220,"1,020",0,240,510,130,90,30,0,0,20,22.6
21221,850,0,80,380,240,90,40,0,0,20,28.3
21300,"1,470",0,250,590,230,240,90,0,30,40,26.9
21302,570,0,180,280,40,40,30,0,0,0,20.7
21303,490,0,290,120,50,20,10,0,0,0,12.8
21340,490,10,200,220,50,0,0,0,0,10,17.3
21341,370,10,220,120,10,0,10,0,0,0,12.1
21360,650,0,230,230,130,30,10,10,10,10,21.2
21361,670,10,210,260,130,30,20,0,0,0,21.5
21362,650,10,280,220,110,20,10,0,0,0,17.5
21380,330,0,50,120,80,40,20,0,0,20,28.3
21381,60,0,30,10,10,0,0,0,0,0,13.6
21382,440,0,290,100,40,0,10,0,10,0,11.6
21383,330,10,180,130,10,0,10,0,0,0,13.5
21400,730,40,410,180,40,20,20,0,10,0,11.7
21401,110,0,30,30,40,20,0,0,0,0,29.4
21403,10,0,0,10,0,0,0,0,0,0,22.5
21404,320,20,120,100,60,10,10,0,0,0,18.0
21420,430,0,50,270,80,20,0,0,20,0,24.5
21421,360,0,90,130,90,20,20,0,0,0,25.0
21500,"1,470",0,570,850,20,30,0,0,0,0,17.8
21501,210,0,170,30,10,0,0,0,0,0,9.3
21502,230,0,140,50,40,0,0,0,0,0,12.6
21503,300,0,160,80,40,0,0,10,10,0,14.3
21504,"10,000",100,"3,500","4,000","1,600",400,200,100,0,100,20.2
21505,"3,970",30,870,"1,930",910,160,60,0,0,0,23.4
21506,"1,190",20,520,400,90,70,20,20,0,40,16.4
21507,500,0,230,210,50,0,0,0,0,0,16.4
21520,630,0,290,190,90,30,20,10,0,0,16.6
21521,790,0,320,300,100,30,20,20,0,0,18.6
21600,330,0,200,50,30,40,0,0,0,10,12.1
21604,170,10,90,50,10,0,0,0,0,10,12.0
22000,370,0,200,120,20,20,10,0,0,0,13.8
22001,370,20,160,120,40,30,10,0,0,0,16.3
22002,230,0,80,100,20,10,20,0,0,0,20.6
22100,480,10,150,200,90,0,30,0,10,0,21.1
22101,290,0,90,130,60,0,0,0,0,0,20.7
22102,80,0,30,20,30,0,0,0,0,0,22.5
22103,380,0,200,110,30,10,20,10,0,0,13.9
22130,70,0,20,0,0,10,20,10,0,0,57.1
22131,160,0,20,80,40,10,0,0,0,0,25.8
22132,"13,600",0,"5,400","5,700","1,700",400,200,0,0,0,18.5
22133,"3,740",0,"1,010","1,970",520,170,80,0,0,0,21.6
22134,"1,980",0,710,920,290,20,40,0,0,0,19.5
22135,"1,710",0,770,780,140,20,0,0,0,0,16.5
22136,580,10,230,260,50,20,10,0,0,0,17.8
22137,460,10,180,190,60,20,0,10,0,0,18.4
22203,820,0,450,250,60,40,20,0,0,0,13.6
22205,170,0,70,30,50,10,10,0,0,0,21.9
22206,440,10,130,210,40,50,10,0,0,0,21.2
22207,270,0,120,90,50,0,0,0,0,0,16.4
22208,420,0,210,150,50,10,0,0,0,0,15.0
22209,320,0,40,140,90,40,20,0,0,0,28.1
22210,530,0,220,190,80,20,10,0,0,0,18.3
22211,550,0,280,200,50,20,0,0,0,0,14.9
22212,120,0,60,30,10,0,20,0,0,0,14.2
22213,280,20,60,160,20,0,20,0,0,0,20.7
22214,"23,700",100,"9,700","8,600","3,000","1,400",600,100,0,100,18.4
22215,"5,810",0,"1,000","2,550","1,210",630,350,40,0,40,26.1
22216,"1,110",0,460,460,140,20,0,40,0,0,18.1
22219,260,0,170,80,10,0,0,0,0,0,11.3
22220,330,0,220,90,10,0,0,10,0,0,11.1
22221,780,20,370,320,30,10,10,10,0,0,14.9
22222,410,0,170,160,40,20,20,0,0,0,18.6
22223,320,10,210,90,0,0,0,0,0,10,10.2
22224,330,0,190,90,30,10,10,0,0,0,13.1
22225,"1,320",0,560,490,180,80,10,0,0,0,18.0
22226,720,0,270,220,110,110,20,0,0,0,21.1
22300,650,0,290,280,50,20,0,0,0,0,16.7
22301,"2,170",0,"1,050",680,240,130,10,20,0,40,15.2
22302,570,0,240,250,50,30,0,0,0,0,17.9
22304,620,0,250,210,120,20,10,0,0,10,18.9
22305,320,0,160,140,20,0,0,0,0,0,14.5
22306,"1,210",10,490,430,100,120,40,0,0,10,18.2
22320,460,0,170,190,90,10,0,0,0,0,19.5
22325,420,0,200,160,40,10,0,0,0,0,16.1
22340,"1,340",20,480,440,230,130,50,0,0,0,20.9
22341,180,10,90,40,30,10,0,0,0,0,13.1
22342,220,0,60,150,10,0,0,0,0,0,20.2
22344,"11,500",100,"3,800","4,600","1,800",800,300,0,0,100,21.2
22420,"2,080",0,440,840,590,150,0,0,0,70,25.1
22424,160,0,50,70,0,20,20,0,0,0,21.3
22429,640,0,160,430,40,0,10,0,0,0,20.6
22460,400,20,60,210,60,50,0,0,0,0,23.9
22461,640,10,340,230,20,20,20,0,0,0,13.5
23000,850,0,300,240,90,150,60,10,0,0,22.5
23001,520,0,130,220,120,50,0,0,0,0,23.6
23002,620,0,220,240,100,40,10,0,10,0,20.9
23100,630,0,100,350,70,30,90,0,0,0,24.2
23101,"1,380",10,670,540,150,10,0,0,0,0,15.4
23102,310,0,90,70,80,50,10,0,10,0,28.6
23103,140,0,60,50,0,0,0,20,0,20,15.0
23104,650,0,230,200,140,10,60,0,0,0,22.1
23105,240,0,60,120,20,40,0,0,0,0,22.5
23106,90,0,30,30,10,10,0,0,0,0,20.0
23107,300,0,100,70,60,60,10,0,0,0,26.8
23108,150,0,70,60,30,0,0,0,0,0,16.9
23109,120,0,20,70,10,10,0,0,0,0,22.5
23110,210,30,40,70,40,30,0,0,0,0,22.9